,gameID,team_name,team_ice,player,position,stats
0,2013021112,Florida Panthers,home,8475153,Defenseman,"{u'timeOnIce': u'14:22', u'plusMinus': -1, u'hits': 5, u'penaltyMinutes': 0, u'faceoffTaken': 0, u'takeaways': 0, u'shortHandedGoals': 0, u'giveaways': 0, u'blocked': 1, u'powerPlayAssists': 0, u'evenTimeOnIce': u'12:17', u'assists': 0, u'goals': 0, u'shots': 2, u'shortHandedAssists': 0, u'faceOffWins': 0, u'powerPlayTimeOnIce': u'0:00', u'powerPlayGoals': 0, u'shortHandedTimeOnIce': u'2:05'}"
1,2013021112,Florida Panthers,home,8475179,Defenseman,"{u'timeOnIce': u'27:28', u'plusMinus': -1, u'hits': 2, u'penaltyMinutes': 0, u'faceoffTaken': 0, u'takeaways': 0, u'shortHandedGoals': 0, u'giveaways': 1, u'blocked': 0, u'powerPlayAssists': 0, u'evenTimeOnIce': u'17:50', u'assists': 0, u'goals': 0, u'shots': 5, u'shortHandedAssists': 0, u'faceOffWins': 0, u'powerPlayTimeOnIce': u'4:42', u'powerPlayGoals': 0, u'shortHandedTimeOnIce': u'4:56'}"
2,2013021112,Florida Panthers,home,8474625,Right Wing,"{u'timeOnIce': u'13:07', u'plusMinus': 0, u'hits': 0, u'penaltyMinutes': 2, u'faceoffTaken': 0, u'takeaways': 0, u'shortHandedGoals': 0, u'giveaways': 1, u'blocked': 0, u'powerPlayAssists': 0, u'evenTimeOnIce': u'9:29', u'assists': 0, u'goals': 0, u'shots': 1, u'shortHandedAssists': 0, u'faceOffWins': 0, u'powerPlayTimeOnIce': u'3:38', u'powerPlayGoals': 0, u'shortHandedTimeOnIce': u'0:00'}"
3,2013021112,Florida Panthers,home,8470039,Left Wing,"{u'timeOnIce': u'15:21', u'plusMinus': -1, u'hits': 1, u'penaltyMinutes': 2, u'faceoffTaken': 0, u'takeaways': 0, u'shortHandedGoals': 0, u'giveaways': 0, u'blocked': 0, u'powerPlayAssists': 0, u'evenTimeOnIce': u'10:36', u'assists': 0, u'goals': 0, u'shots': 2, u'shortHandedAssists': 0, u'faceOffWins': 0, u'powerPlayTimeOnIce': u'3:39', u'powerPlayGoals': 0, u'shortHandedTimeOnIce': u'1:06'}"
4,2013021112,Florida Panthers,home,8474498,Center,"{u'timeOnIce': u'11:41', u'plusMinus': -1, u'hits': 1, u'penaltyMinutes': 0, u'faceoffTaken': 4, u'takeaways': 0, u'shortHandedGoals': 0, u'giveaways': 0, u'blocked': 0, u'powerPlayAssists': 0, u'evenTimeOnIce': u'7:37', u'assists': 0, u'powerPlayGoals': 0, u'goals': 0, u'shots': 3, u'shortHandedAssists': 0, u'faceOffWins': 3, u'powerPlayTimeOnIce': u'0:35', u'faceOffPct': 75.0, u'shortHandedTimeOnIce': u'3:29'}"
5,2013021112,Florida Panthers,home,8470105,Right Wing,"{u'timeOnIce': u'18:07', u'plusMinus': -1, u'hits': 3, u'penaltyMinutes': 0, u'faceoffTaken': 0, u'takeaways': 1, u'shortHandedGoals': 0, u'giveaways': 0, u'blocked': 0, u'powerPlayAssists': 0, u'evenTimeOnIce': u'11:44', u'assists': 0, u'goals': 0, u'shots': 4, u'shortHandedAssists': 0, u'faceOffWins': 0, u'powerPlayTimeOnIce': u'2:05', u'powerPlayGoals': 0, u'shortHandedTimeOnIce': u'4:18'}"
6,2013021112,Florida Panthers,home,8470176,Left Wing,"{u'timeOnIce': u'18:03', u'plusMinus': 0, u'hits': 1, u'penaltyMinutes': 0, u'faceoffTaken': 0, u'takeaways': 0, u'shortHandedGoals': 0, u'giveaways': 0, u'blocked': 0, u'powerPlayAssists': 0, u'evenTimeOnIce': u'12:39', u'assists': 1, u'goals': 0, u'shots': 5, u'shortHandedAssists': 0, u'faceOffWins': 0, u'powerPlayTimeOnIce': u'3:21', u'powerPlayGoals': 0, u'shortHandedTimeOnIce': u'2:03'}"
7,2013021112,Florida Panthers,home,8467428,Right Wing,"{u'timeOnIce': u'04:26', u'plusMinus': 0, u'hits': 2, u'penaltyMinutes': 5, u'faceoffTaken': 0, u'takeaways': 0, u'shortHandedGoals': 0, u'giveaways': 0, u'blocked': 0, u'powerPlayAssists': 0, u'evenTimeOnIce': u'4:26', u'assists': 0, u'goals': 0, u'shots': 0, u'shortHandedAssists': 0, u'faceOffWins': 0, u'powerPlayTimeOnIce': u'0:00', u'powerPlayGoals': 0, u'shortHandedTimeOnIce': u'0:00'}"
8,2013021112,Florida Panthers,home,8467351,Center,"{u'timeOnIce': u'15:49', u'plusMinus': -1, u'hits': 0, u'penaltyMinutes': 0, u'faceoffTaken': 15, u'takeaways': 1, u'shortHandedGoals': 0, u'giveaways': 0, u'blocked': 0, u'powerPlayAssists': 0, u'evenTimeOnIce': u'13:44', u'assists': 0, u'powerPlayGoals': 0, u'goals': 0, u'shots': 1, u'shortHandedAssists': 0, u'faceOffWins': 9, u'powerPlayTimeOnIce': u'2:05', u'faceOffPct': 60.0, u'shortHandedTimeOnIce': u'0:00'}"
9,2013021112,Florida Panthers,home,8468504,Right Wing,"{u'timeOnIce': u'19:27', u'plusMinus': 0, u'hits': 2, u'penaltyMinutes': 0, u'faceoffTaken': 2, u'takeaways': 0, u'shortHandedGoals': 0, u'giveaways': 0, u'blocked': 0, u'powerPlayAssists': 0, u'evenTimeOnIce': u'14:11', u'assists': 0, u'powerPlayGoals': 0, u'goals': 1, u'shots': 3, u'shortHandedAssists': 0, u'faceOffWins': 2, u'powerPlayTimeOnIce': u'3:12', u'faceOffPct': 100.0, u'shortHandedTimeOnIce': u'2:04'}"
10,2013021112,Florida Panthers,home,8475760,Center,"{u'timeOnIce': u'17:35', u'plusMinus': 0, u'hits': 3, u'penaltyMinutes': 0, u'faceoffTaken': 15, u'takeaways': 0, u'shortHandedGoals': 0, u'giveaways': 1, u'blocked': 0, u'powerPlayAssists': 0, u'evenTimeOnIce': u'13:28', u'assists': 0, u'powerPlayGoals': 0, u'goals': 0, u'shots': 2, u'shortHandedAssists': 0, u'faceOffWins': 7, u'powerPlayTimeOnIce': u'3:21', u'faceOffPct': 46.67, u'shortHandedTimeOnIce': u'0:46'}"
11,2013021112,Florida Panthers,home,8475769,Center,"{u'timeOnIce': u'12:09', u'plusMinus': -1, u'hits': 0, u'penaltyMinutes': 0, u'faceoffTaken': 1, u'takeaways': 0, u'shortHandedGoals': 0, u'giveaways': 0, u'blocked': 0, u'powerPlayAssists': 0, u'evenTimeOnIce': u'8:22', u'assists': 0, u'powerPlayGoals': 0, u'goals': 0, u'shots': 2, u'shortHandedAssists': 0, u'faceOffWins': 0, u'powerPlayTimeOnIce': u'0:08', u'faceOffPct': 0.0, u'shortHandedTimeOnIce': u'3:39'}"
12,2013021112,Florida Panthers,home,8475790,Defenseman,"{u'timeOnIce': u'18:26', u'plusMinus': -2, u'hits': 2, u'penaltyMinutes': 2, u'faceoffTaken': 0, u'takeaways': 1, u'shortHandedGoals': 0, u'giveaways': 0, u'blocked': 1, u'powerPlayAssists': 0, u'evenTimeOnIce': u'14:40', u'assists': 0, u'goals': 0, u'shots': 1, u'shortHandedAssists': 0, u'faceOffWins': 0, u'powerPlayTimeOnIce': u'0:21', u'powerPlayGoals': 0, u'shortHandedTimeOnIce': u'3:25'}"
13,2013021112,Florida Panthers,home,8474606,Defenseman,"{u'timeOnIce': u'14:48', u'plusMinus': 0, u'hits': 3, u'penaltyMinutes': 2, u'faceoffTaken': 0, u'takeaways': 0, u'shortHandedGoals': 0, u'giveaways': 0, u'blocked': 2, u'powerPlayAssists': 0, u'evenTimeOnIce': u'11:05', u'assists': 0, u'goals': 0, u'shots': 0, u'shortHandedAssists': 0, u'faceOffWins': 0, u'powerPlayTimeOnIce': u'0:14', u'powerPlayGoals': 0, u'shortHandedTimeOnIce': u'3:29'}"
14,2013021112,Florida Panthers,home,8466285,Defenseman,"{u'timeOnIce': u'23:58', u'plusMinus': -2, u'hits': 2, u'penaltyMinutes': 0, u'faceoffTaken': 0, u'takeaways': 1, u'shortHandedGoals': 0, u'giveaways': 0, u'blocked': 1, u'powerPlayAssists': 0, u'evenTimeOnIce': u'18:52', u'assists': 1, u'goals': 0, u'shots': 2, u'shortHandedAssists': 0, u'faceOffWins': 0, u'powerPlayTimeOnIce': u'4:04', u'powerPlayGoals': 0, u'shortHandedTimeOnIce': u'1:02'}"
15,2013021112,Florida Panthers,home,8460492,Defenseman,"{u'timeOnIce': u'17:22', u'plusMinus': -1, u'hits': 0, u'penaltyMinutes': 0, u'faceoffTaken': 0, u'takeaways': 0, u'shortHandedGoals': 0, u'giveaways': 0, u'blocked': 0, u'powerPlayAssists': 0, u'evenTimeOnIce': u'9:19', u'assists': 0, u'goals': 0, u'shots': 1, u'shortHandedAssists': 0, u'faceOffWins': 0, u'powerPlayTimeOnIce': u'3:00', u'powerPlayGoals': 0, u'shortHandedTimeOnIce': u'5:03'}"
16,2013021112,Florida Panthers,home,8476389,Center,"{u'timeOnIce': u'17:40', u'plusMinus': -2, u'hits': 2, u'penaltyMinutes': 2, u'faceoffTaken': 13, u'takeaways': 0, u'shortHandedGoals': 0, u'giveaways': 1, u'blocked': 0, u'powerPlayAssists': 0, u'evenTimeOnIce': u'12:04', u'assists': 0, u'powerPlayGoals': 0, u'goals': 0, u'shots': 1, u'shortHandedAssists': 0, u'faceOffWins': 6, u'powerPlayTimeOnIce': u'3:01', u'faceOffPct': 46.15, u'shortHandedTimeOnIce': u'2:35'}"
17,2013021112,Florida Panthers,home,8475204,Center,"{u'timeOnIce': u'11:21', u'plusMinus': -2, u'hits': 0, u'penaltyMinutes': 2, u'faceoffTaken': 1, u'takeaways': 0, u'shortHandedGoals': 0, u'giveaways': 0, u'blocked': 0, u'powerPlayAssists': 0, u'evenTimeOnIce': u'8:47', u'assists': 0, u'powerPlayGoals': 0, u'goals': 0, u'shots': 2, u'shortHandedAssists': 0, u'faceOffWins': 0, u'powerPlayTimeOnIce': u'2:34', u'faceOffPct': 0.0, u'shortHandedTimeOnIce': u'0:00'}"
21,2013021112,Montreal Canadiens,away,8468114,Defenseman,"{u'timeOnIce': u'18:02', u'plusMinus': 0, u'hits': 4, u'penaltyMinutes': 0, u'faceoffTaken': 0, u'takeaways': 0, u'shortHandedGoals': 0, u'giveaways': 0, u'blocked': 2, u'powerPlayAssists': 0, u'evenTimeOnIce': u'14:27', u'assists': 0, u'goals': 0, u'shots': 0, u'shortHandedAssists': 0, u'faceOffWins': 0, u'powerPlayTimeOnIce': u'0:00', u'powerPlayGoals': 0, u'shortHandedTimeOnIce': u'3:35'}"
22,2013021112,Montreal Canadiens,away,8475848,Right Wing,"{u'timeOnIce': u'12:21', u'plusMinus': 0, u'hits': 0, u'penaltyMinutes': 0, u'faceoffTaken': 1, u'takeaways': 1, u'shortHandedGoals': 0, u'giveaways': 0, u'blocked': 0, u'powerPlayAssists': 0, u'evenTimeOnIce': u'9:27', u'assists': 0, u'powerPlayGoals': 0, u'goals': 0, u'shots': 1, u'shortHandedAssists': 0, u'faceOffWins': 1, u'powerPlayTimeOnIce': u'2:54', u'faceOffPct': 100.0, u'shortHandedTimeOnIce': u'0:00'}"
23,2013021112,Montreal Canadiens,away,8468095,Right Wing,"{u'timeOnIce': u'06:31', u'plusMinus': 0, u'hits': 0, u'penaltyMinutes': 5, u'faceoffTaken': 0, u'takeaways': 0, u'shortHandedGoals': 0, u'giveaways': 0, u'blocked': 1, u'powerPlayAssists': 0, u'evenTimeOnIce': u'6:31', u'assists': 0, u'goals': 0, u'shots': 1, u'shortHandedAssists': 0, u'faceOffWins': 0, u'powerPlayTimeOnIce': u'0:00', u'powerPlayGoals': 0, u'shortHandedTimeOnIce': u'0:00'}"
24,2013021112,Montreal Canadiens,away,8471504,Right Wing,"{u'timeOnIce': u'11:54', u'plusMinus': 0, u'hits': 1, u'penaltyMinutes': 2, u'faceoffTaken': 0, u'takeaways': 1, u'shortHandedGoals': 0, u'giveaways': 0, u'blocked': 1, u'powerPlayAssists': 0, u'evenTimeOnIce': u'11:54', u'assists': 0, u'goals': 0, u'shots': 0, u'shortHandedAssists': 0, u'faceOffWins': 0, u'powerPlayTimeOnIce': u'0:00', u'powerPlayGoals': 0, u'shortHandedTimeOnIce': u'0:00'}"
25,2013021112,Montreal Canadiens,away,8470598,Left Wing,"{u'timeOnIce': u'19:48', u'plusMinus': 3, u'hits': 0, u'penaltyMinutes': 0, u'faceoffTaken': 5, u'takeaways': 1, u'shortHandedGoals': 0, u'giveaways': 1, u'blocked': 0, u'powerPlayAssists': 0, u'evenTimeOnIce': u'12:42', u'assists': 1, u'powerPlayGoals': 0, u'goals': 1, u'shots': 4, u'shortHandedAssists': 0, u'faceOffWins': 1, u'powerPlayTimeOnIce': u'7:06', u'faceOffPct': 20.0, u'shortHandedTimeOnIce': u'0:00'}"
26,2013021112,Montreal Canadiens,away,8467407,Right Wing,"{u'timeOnIce': u'15:23', u'plusMinus': 0, u'hits': 1, u'penaltyMinutes': 0, u'faceoffTaken': 0, u'takeaways': 0, u'shortHandedGoals': 0, u'giveaways': 0, u'blocked': 0, u'powerPlayAssists': 0, u'evenTimeOnIce': u'11:38', u'assists': 0, u'goals': 0, u'shots': 0, u'shortHandedAssists': 0, u'faceOffWins': 0, u'powerPlayTimeOnIce': u'0:00', u'powerPlayGoals': 0, u'shortHandedTimeOnIce': u'3:45'}"
27,2013021112,Montreal Canadiens,away,8476851,Center,"{u'timeOnIce': u'13:48', u'plusMinus': 0, u'hits': 0, u'penaltyMinutes': 0, u'faceoffTaken': 0, u'takeaways': 0, u'shortHandedGoals': 0, u'giveaways': 0, u'blocked': 0, u'powerPlayAssists': 0, u'evenTimeOnIce': u'10:37', u'assists': 0, u'goals': 0, u'shots': 0, u'shortHandedAssists': 0, u'faceOffWins': 0, u'powerPlayTimeOnIce': u'3:11', u'powerPlayGoals': 0, u'shortHandedTimeOnIce': u'0:00'}"
28,2013021112,Montreal Canadiens,away,8468478,Defenseman,"{u'timeOnIce': u'19:04', u'plusMinus': 1, u'hits': 3, u'penaltyMinutes': 0, u'faceoffTaken': 0, u'takeaways': 0, u'shortHandedGoals': 0, u'giveaways': 0, u'blocked': 1, u'powerPlayAssists': 0, u'evenTimeOnIce': u'15:14', u'assists': 1, u'goals': 0, u'shots': 0, u'shortHandedAssists': 0, u'faceOffWins': 0, u'powerPlayTimeOnIce': u'0:00', u'powerPlayGoals': 0, u'shortHandedTimeOnIce': u'3:50'}"
29,2013021112,Montreal Canadiens,away,8464975,Center,"{u'timeOnIce': u'15:27', u'plusMinus': 1, u'hits': 1, u'penaltyMinutes': 0, u'faceoffTaken': 9, u'takeaways': 0, u'shortHandedGoals': 0, u'giveaways': 0, u'blocked': 0, u'powerPlayAssists': 0, u'evenTimeOnIce': u'13:00', u'assists': 1, u'powerPlayGoals': 0, u'goals': 0, u'shots': 3, u'shortHandedAssists': 0, u'faceOffWins': 4, u'powerPlayTimeOnIce': u'2:19', u'faceOffPct': 44.44, u'shortHandedTimeOnIce': u'0:08'}"
30,2013021112,Montreal Canadiens,away,8475739,Left Wing,"{u'timeOnIce': u'11:35', u'plusMinus': 0, u'hits': 1, u'penaltyMinutes': 0, u'faceoffTaken': 2, u'takeaways': 0, u'shortHandedGoals': 0, u'giveaways': 0, u'blocked': 1, u'powerPlayAssists': 0, u'evenTimeOnIce': u'7:43', u'assists': 0, u'powerPlayGoals': 0, u'goals': 0, u'shots': 0, u'shortHandedAssists': 0, u'faceOffWins': 0, u'powerPlayTimeOnIce': u'0:00', u'faceOffPct': 0.0, u'shortHandedTimeOnIce': u'3:52'}"
31,2013021112,Montreal Canadiens,away,8471976,Center,"{u'timeOnIce': u'19:20', u'plusMinus': 2, u'hits': 0, u'penaltyMinutes': 0, u'faceoffTaken': 13, u'takeaways': 0, u'shortHandedGoals': 0, u'giveaways': 0, u'blocked': 0, u'powerPlayAssists': 0, u'evenTimeOnIce': u'13:01', u'assists': 1, u'powerPlayGoals': 0, u'goals': 1, u'shots': 1, u'shortHandedAssists': 0, u'faceOffWins': 6, u'powerPlayTimeOnIce': u'5:56', u'faceOffPct': 46.15, u'shortHandedTimeOnIce': u'0:23'}"
32,2013021112,Montreal Canadiens,away,8473466,Center,"{u'timeOnIce': u'11:51', u'plusMinus': 0, u'hits': 1, u'penaltyMinutes': 2, u'faceoffTaken': 10, u'takeaways': 0, u'shortHandedGoals': 0, u'giveaways': 0, u'blocked': 0, u'powerPlayAssists': 0, u'evenTimeOnIce': u'7:11', u'assists': 0, u'powerPlayGoals': 0, u'goals': 0, u'shots': 2, u'shortHandedAssists': 0, u'faceOffWins': 5, u'powerPlayTimeOnIce': u'0:00', u'faceOffPct': 50.0, u'shortHandedTimeOnIce': u'4:40'}"
33,2013021112,Montreal Canadiens,away,8465914,Defenseman,"{u'timeOnIce': u'14:32', u'plusMinus': 3, u'hits': 3, u'penaltyMinutes': 2, u'faceoffTaken': 0, u'takeaways': 0, u'shortHandedGoals': 0, u'giveaways': 0, u'blocked': 0, u'powerPlayAssists': 0, u'evenTimeOnIce': u'12:30', u'assists': 0, u'goals': 0, u'shots': 0, u'shortHandedAssists': 0, u'faceOffWins': 0, u'powerPlayTimeOnIce': u'1:45', u'powerPlayGoals': 0, u'shortHandedTimeOnIce': u'0:17'}"
34,2013021112,Montreal Canadiens,away,8474157,Left Wing,"{u'timeOnIce': u'18:59', u'plusMinus': 3, u'hits': 0, u'penaltyMinutes': 0, u'faceoffTaken': 0, u'takeaways': 0, u'shortHandedGoals': 0, u'giveaways': 0, u'blocked': 0, u'powerPlayAssists': 0, u'evenTimeOnIce': u'11:47', u'assists': 1, u'goals': 2, u'shots': 5, u'shortHandedAssists': 0, u'faceOffWins': 0, u'powerPlayTimeOnIce': u'6:49', u'powerPlayGoals': 0, u'shortHandedTimeOnIce': u'0:23'}"
35,2013021112,Montreal Canadiens,away,8471296,Defenseman,"{u'timeOnIce': u'20:50', u'plusMinus': 1, u'hits': 4, u'penaltyMinutes': 2, u'faceoffTaken': 0, u'takeaways': 0, u'shortHandedGoals': 0, u'giveaways': 0, u'blocked': 3, u'powerPlayAssists': 0, u'evenTimeOnIce': u'15:07', u'assists': 1, u'goals': 0, u'shots': 0, u'shortHandedAssists': 0, u'faceOffWins': 0, u'powerPlayTimeOnIce': u'2:39', u'powerPlayGoals': 0, u'shortHandedTimeOnIce': u'3:04'}"
36,2013021112,Montreal Canadiens,away,8474056,Defenseman,"{u'timeOnIce': u'22:46', u'plusMinus': 1, u'hits': 1, u'penaltyMinutes': 0, u'faceoffTaken': 0, u'takeaways': 0, u'shortHandedGoals': 0, u'giveaways': 1, u'blocked': 0, u'powerPlayAssists': 0, u'evenTimeOnIce': u'12:20', u'assists': 1, u'goals': 0, u'shots': 0, u'shortHandedAssists': 0, u'faceOffWins': 0, u'powerPlayTimeOnIce': u'8:04', u'powerPlayGoals': 0, u'shortHandedTimeOnIce': u'2:22'}"
37,2013021112,Montreal Canadiens,away,8467496,Defenseman,"{u'timeOnIce': u'25:27', u'plusMinus': 0, u'hits': 0, u'penaltyMinutes': 2, u'faceoffTaken': 0, u'takeaways': 0, u'shortHandedGoals': 0, u'giveaways': 1, u'blocked': 2, u'powerPlayAssists': 0, u'evenTimeOnIce': u'15:03', u'assists': 0, u'goals': 0, u'shots': 2, u'shortHandedAssists': 0, u'faceOffWins': 0, u'powerPlayTimeOnIce': u'7:32', u'powerPlayGoals': 0, u'shortHandedTimeOnIce': u'2:52'}"
38,2013021112,Montreal Canadiens,away,8474189,Center,"{u'timeOnIce': u'14:55', u'plusMinus': 0, u'hits': 1, u'penaltyMinutes': 0, u'faceoffTaken': 11, u'takeaways': 0, u'shortHandedGoals': 0, u'giveaways': 0, u'blocked': 1, u'powerPlayAssists': 0, u'evenTimeOnIce': u'10:21', u'assists': 0, u'powerPlayGoals': 0, u'goals': 0, u'shots': 0, u'shortHandedAssists': 0, u'faceOffWins': 7, u'powerPlayTimeOnIce': u'1:45', u'faceOffPct': 63.64, u'shortHandedTimeOnIce': u'2:49'}"
45,2013020871,San Jose Sharks,home,8474218,Defenseman,"{u'timeOnIce': u'20:46', u'plusMinus': 0, u'hits': 2, u'penaltyMinutes': 0, u'faceoffTaken': 0, u'takeaways': 1, u'shortHandedGoals': 0, u'giveaways': 2, u'blocked': 2, u'powerPlayAssists': 0, u'evenTimeOnIce': u'15:26', u'assists': 1, u'goals': 0, u'shots': 3, u'shortHandedAssists': 0, u'faceOffWins': 0, u'powerPlayTimeOnIce': u'4:34', u'powerPlayGoals': 0, u'shortHandedTimeOnIce': u'0:46'}"
46,2013020871,San Jose Sharks,home,8467331,Defenseman,"{u'timeOnIce': u'18:00', u'plusMinus': 0, u'hits': 3, u'penaltyMinutes': 0, u'faceoffTaken': 0, u'takeaways': 0, u'shortHandedGoals': 0, u'giveaways': 0, u'blocked': 3, u'powerPlayAssists': 0, u'evenTimeOnIce': u'13:29', u'assists': 0, u'goals': 0, u'shots': 2, u'shortHandedAssists': 0, u'faceOffWins': 0, u'powerPlayTimeOnIce': u'0:06', u'powerPlayGoals': 0, u'shortHandedTimeOnIce': u'4:25'}"
47,2013020871,San Jose Sharks,home,8470794,Center,"{u'timeOnIce': u'18:04', u'plusMinus': 1, u'hits': 1, u'penaltyMinutes': 0, u'faceoffTaken': 14, u'takeaways': 1, u'shortHandedGoals': 0, u'giveaways': 2, u'blocked': 0, u'powerPlayAssists': 0, u'evenTimeOnIce': u'11:30', u'assists': 0, u'powerPlayGoals': 0, u'goals': 0, u'shots': 6, u'shortHandedAssists': 0, u'faceOffWins': 12, u'powerPlayTimeOnIce': u'3:56', u'faceOffPct': 85.71, u'shortHandedTimeOnIce': u'2:38'}"
48,2013020871,San Jose Sharks,home,8467899,Right Wing,"{u'timeOnIce': u'15:12', u'plusMinus': 1, u'hits': 0, u'penaltyMinutes': 2, u'faceoffTaken': 1, u'takeaways': 0, u'shortHandedGoals': 0, u'giveaways': 0, u'blocked': 0, u'powerPlayAssists': 0, u'evenTimeOnIce': u'10:26', u'assists': 0, u'powerPlayGoals': 0, u'goals': 0, u'shots': 2, u'shortHandedAssists': 0, u'faceOffWins': 0, u'powerPlayTimeOnIce': u'4:46', u'faceOffPct': 0.0, u'shortHandedTimeOnIce': u'0:00'}"
49,2013020871,San Jose Sharks,home,8471956,Left Wing,"{u'timeOnIce': u'11:56', u'plusMinus': 0, u'hits': 2, u'penaltyMinutes': 0, u'faceoffTaken': 10, u'takeaways': 1, u'shortHandedGoals': 0, u'giveaways': 0, u'blocked': 0, u'powerPlayAssists': 0, u'evenTimeOnIce': u'9:55', u'assists': 0, u'powerPlayGoals': 0, u'goals': 0, u'shots': 4, u'shortHandedAssists': 0, u'faceOffWins': 8, u'powerPlayTimeOnIce': u'0:00', u'faceOffPct': 80.0, u'shortHandedTimeOnIce': u'2:01'}"
50,2013020871,San Jose Sharks,home,8466139,Left Wing,"{u'timeOnIce': u'17:41', u'plusMinus': -1, u'hits': 1, u'penaltyMinutes': 2, u'faceoffTaken': 7, u'takeaways': 0, u'shortHandedGoals': 0, u'giveaways': 0, u'blocked': 0, u'powerPlayAssists': 0, u'evenTimeOnIce': u'11:34', u'assists': 0, u'powerPlayGoals': 0, u'goals': 1, u'shots': 4, u'shortHandedAssists': 0, u'faceOffWins': 3, u'powerPlayTimeOnIce': u'4:06', u'faceOffPct': 42.86, u'shortHandedTimeOnIce': u'2:01'}"
51,2013020871,San Jose Sharks,home,8473536,Center,"{u'timeOnIce': u'12:35', u'plusMinus': 1, u'hits': 1, u'penaltyMinutes': 0, u'faceoffTaken': 0, u'takeaways': 1, u'shortHandedGoals': 0, u'giveaways': 1, u'blocked': 0, u'powerPlayAssists': 0, u'evenTimeOnIce': u'12:22', u'assists': 1, u'goals': 0, u'shots': 0, u'shortHandedAssists': 0, u'faceOffWins': 0, u'powerPlayTimeOnIce': u'0:13', u'powerPlayGoals': 0, u'shortHandedTimeOnIce': u'0:00'}"
52,2013020871,San Jose Sharks,home,8471371,Right Wing,"{u'timeOnIce': u'07:42', u'plusMinus': 0, u'hits': 5, u'penaltyMinutes': 0, u'faceoffTaken': 0, u'takeaways': 0, u'shortHandedGoals': 0, u'giveaways': 0, u'blocked': 0, u'powerPlayAssists': 0, u'evenTimeOnIce': u'7:42', u'assists': 0, u'goals': 0, u'shots': 0, u'shortHandedAssists': 0, u'faceOffWins': 0, u'powerPlayTimeOnIce': u'0:00', u'powerPlayGoals': 0, u'shortHandedTimeOnIce': u'0:00'}"
53,2013020871,San Jose Sharks,home,8466138,Center,"{u'timeOnIce': u'16:20', u'plusMinus': -1, u'hits': 0, u'penaltyMinutes': 0, u'faceoffTaken': 15, u'takeaways': 3, u'shortHandedGoals': 0, u'giveaways': 0, u'blocked': 1, u'powerPlayAssists': 0, u'evenTimeOnIce': u'11:14', u'assists': 0, u'powerPlayGoals': 0, u'goals': 0, u'shots': 1, u'shortHandedAssists': 0, u'faceOffWins': 8, u'powerPlayTimeOnIce': u'5:00', u'faceOffPct': 53.33, u'shortHandedTimeOnIce': u'0:06'}"
54,2013020871,San Jose Sharks,home,8467096,Defenseman,"{u'timeOnIce': u'19:22', u'plusMinus': 1, u'hits': 0, u'penaltyMinutes': 0, u'faceoffTaken': 0, u'takeaways': 0, u'shortHandedGoals': 0, u'giveaways': 0, u'blocked': 2, u'powerPlayAssists': 0, u'evenTimeOnIce': u'14:48', u'assists': 0, u'goals': 0, u'shots': 2, u'shortHandedAssists': 0, u'faceOffWins': 0, u'powerPlayTimeOnIce': u'4:28', u'powerPlayGoals': 0, u'shortHandedTimeOnIce': u'0:06'}"
55,2013020871,San Jose Sharks,home,8466158,Defenseman,"{u'timeOnIce': u'17:24', u'plusMinus': 1, u'hits': 0, u'penaltyMinutes': 0, u'faceoffTaken': 0, u'takeaways': 0, u'shortHandedGoals': 0, u'giveaways': 0, u'blocked': 3, u'powerPlayAssists': 0, u'evenTimeOnIce': u'15:34', u'assists': 1, u'goals': 0, u'shots': 0, u'shortHandedAssists': 0, u'faceOffWins': 0, u'powerPlayTimeOnIce': u'0:00', u'powerPlayGoals': 0, u'shortHandedTimeOnIce': u'1:50'}"
56,2013020871,San Jose Sharks,home,8470063,Right Wing,"{u'timeOnIce': u'09:40', u'plusMinus': 0, u'hits': 0, u'penaltyMinutes': 2, u'faceoffTaken': 2, u'takeaways': 2, u'shortHandedGoals': 0, u'giveaways': 0, u'blocked': 0, u'powerPlayAssists': 0, u'evenTimeOnIce': u'8:08', u'assists': 0, u'powerPlayGoals': 0, u'goals': 0, u'shots': 1, u'shortHandedAssists': 0, u'faceOffWins': 0, u'powerPlayTimeOnIce': u'0:00', u'faceOffPct': 0.0, u'shortHandedTimeOnIce': u'1:32'}"
57,2013020871,San Jose Sharks,home,8471996,Center,"{u'timeOnIce': u'14:26', u'plusMinus': 1, u'hits': 1, u'penaltyMinutes': 2, u'faceoffTaken': 0, u'takeaways': 0, u'shortHandedGoals': 0, u'giveaways': 0, u'blocked': 0, u'powerPlayAssists': 0, u'evenTimeOnIce': u'12:52', u'assists': 0, u'goals': 0, u'shots': 3, u'shortHandedAssists': 0, u'faceOffWins': 0, u'powerPlayTimeOnIce': u'0:13', u'powerPlayGoals': 0, u'shortHandedTimeOnIce': u'1:21'}"
58,2013020871,San Jose Sharks,home,8473562,Center,"{u'timeOnIce': u'15:44', u'plusMinus': 1, u'hits': 0, u'penaltyMinutes': 0, u'faceoffTaken': 15, u'takeaways': 0, u'shortHandedGoals': 0, u'giveaways': 0, u'blocked': 1, u'powerPlayAssists': 0, u'evenTimeOnIce': u'13:15', u'assists': 0, u'powerPlayGoals': 0, u'goals': 1, u'shots': 5, u'shortHandedAssists': 0, u'faceOffWins': 7, u'powerPlayTimeOnIce': u'0:13', u'faceOffPct': 46.67, u'shortHandedTimeOnIce': u'2:16'}"
59,2013020871,San Jose Sharks,home,8471709,Defenseman,"{u'timeOnIce': u'21:46', u'plusMinus': 0, u'hits': 1, u'penaltyMinutes': 0, u'faceoffTaken': 0, u'takeaways': 0, u'shortHandedGoals': 0, u'giveaways': 0, u'blocked': 1, u'powerPlayAssists': 0, u'evenTimeOnIce': u'14:56', u'assists': 1, u'goals': 0, u'shots': 4, u'shortHandedAssists': 0, u'faceOffWins': 0, u'powerPlayTimeOnIce': u'4:48', u'powerPlayGoals': 0, u'shortHandedTimeOnIce': u'2:02'}"
60,2013020871,San Jose Sharks,home,8474739,Center,"{u'timeOnIce': u'16:49', u'plusMinus': 1, u'hits': 4, u'penaltyMinutes': 0, u'faceoffTaken': 0, u'takeaways': 0, u'shortHandedGoals': 0, u'giveaways': 0, u'blocked': 0, u'powerPlayAssists': 0, u'evenTimeOnIce': u'11:00', u'assists': 0, u'goals': 1, u'shots': 4, u'shortHandedAssists': 0, u'faceOffWins': 0, u'powerPlayTimeOnIce': u'3:48', u'powerPlayGoals': 0, u'shortHandedTimeOnIce': u'2:01'}"
61,2013020871,San Jose Sharks,home,8474027,Defenseman,"{u'timeOnIce': u'22:42', u'plusMinus': 0, u'hits': 1, u'penaltyMinutes': 0, u'faceoffTaken': 0, u'takeaways': 0, u'shortHandedGoals': 0, u'giveaways': 1, u'blocked': 2, u'powerPlayAssists': 0, u'evenTimeOnIce': u'13:43', u'assists': 0, u'goals': 0, u'shots': 0, u'shortHandedAssists': 0, u'faceOffWins': 0, u'powerPlayTimeOnIce': u'4:06', u'powerPlayGoals': 0, u'shortHandedTimeOnIce': u'4:53'}"
62,2013020871,San Jose Sharks,home,8470613,Defenseman,"{u'timeOnIce': u'15:51', u'plusMinus': -1, u'hits': 1, u'penaltyMinutes': 0, u'faceoffTaken': 4, u'takeaways': 0, u'shortHandedGoals': 0, u'giveaways': 0, u'blocked': 2, u'powerPlayAssists': 0, u'evenTimeOnIce': u'10:57', u'assists': 0, u'powerPlayGoals': 0, u'goals': 0, u'shots': 6, u'shortHandedAssists': 0, u'faceOffWins': 2, u'powerPlayTimeOnIce': u'4:48', u'faceOffPct': 50.0, u'shortHandedTimeOnIce': u'0:06'}"
66,2013020871,Columbus Blue Jackets,away,8471348,Defenseman,"{u'timeOnIce': u'15:13', u'plusMinus': -1, u'hits': 0, u'penaltyMinutes': 0, u'faceoffTaken': 0, u'takeaways': 0, u'shortHandedGoals': 0, u'giveaways': 1, u'blocked': 0, u'powerPlayAssists': 0, u'evenTimeOnIce': u'14:24', u'assists': 0, u'goals': 0, u'shots': 1, u'shortHandedAssists': 0, u'faceOffWins': 0, u'powerPlayTimeOnIce': u'0:36', u'powerPlayGoals': 0, u'shortHandedTimeOnIce': u'0:13'}"
67,2013020871,Columbus Blue Jackets,away,8471677,Defenseman,"{u'timeOnIce': u'24:57', u'plusMinus': 0, u'hits': 1, u'penaltyMinutes': 4, u'faceoffTaken': 0, u'takeaways': 0, u'shortHandedGoals': 0, u'giveaways': 0, u'blocked': 2, u'powerPlayAssists': 0, u'evenTimeOnIce': u'15:14', u'assists': 0, u'goals': 0, u'shots': 5, u'shortHandedAssists': 0, u'faceOffWins': 0, u'powerPlayTimeOnIce': u'5:34', u'powerPlayGoals': 0, u'shortHandedTimeOnIce': u'4:09'}"
68,2013020871,Columbus Blue Jackets,away,8470596,Right Wing,"{u'timeOnIce': u'15:17', u'plusMinus': 2, u'hits': 2, u'penaltyMinutes': 0, u'faceoffTaken': 0, u'takeaways': 0, u'shortHandedGoals': 0, u'giveaways': 0, u'blocked': 0, u'powerPlayAssists': 0, u'evenTimeOnIce': u'13:02', u'assists': 1, u'goals': 0, u'shots': 1, u'shortHandedAssists': 0, u'faceOffWins': 0, u'powerPlayTimeOnIce': u'2:15', u'powerPlayGoals': 0, u'shortHandedTimeOnIce': u'0:00'}"
69,2013020871,Columbus Blue Jackets,away,8474685,Left Wing,"{u'timeOnIce': u'15:24', u'plusMinus': -2, u'hits': 2, u'penaltyMinutes': 0, u'faceoffTaken': 0, u'takeaways': 0, u'shortHandedGoals': 0, u'giveaways': 0, u'blocked': 1, u'powerPlayAssists': 0, u'evenTimeOnIce': u'9:15', u'assists': 0, u'goals': 0, u'shots': 3, u'shortHandedAssists': 0, u'faceOffWins': 0, u'powerPlayTimeOnIce': u'2:21', u'powerPlayGoals': 0, u'shortHandedTimeOnIce': u'3:48'}"
70,2013020871,Columbus Blue Jackets,away,8474715,Right Wing,"{u'timeOnIce': u'16:20', u'plusMinus': -2, u'hits': 2, u'penaltyMinutes': 0, u'faceoffTaken': 0, u'takeaways': 0, u'shortHandedGoals': 0, u'giveaways': 0, u'blocked': 0, u'powerPlayAssists': 0, u'evenTimeOnIce': u'12:29', u'assists': 0, u'goals': 0, u'shots': 3, u'shortHandedAssists': 0, u'faceOffWins': 0, u'powerPlayTimeOnIce': u'3:43', u'powerPlayGoals': 0, u'shortHandedTimeOnIce': u'0:08'}"
71,2013020871,Columbus Blue Jackets,away,8471273,Center,"{u'timeOnIce': u'18:25', u'plusMinus': -2, u'hits': 4, u'penaltyMinutes': 2, u'faceoffTaken': 19, u'takeaways': 0, u'shortHandedGoals': 0, u'giveaways': 0, u'blocked': 0, u'powerPlayAssists': 0, u'evenTimeOnIce': u'11:53', u'assists': 0, u'powerPlayGoals': 0, u'goals': 0, u'shots': 1, u'shortHandedAssists': 0, u'faceOffWins': 10, u'powerPlayTimeOnIce': u'3:54', u'faceOffPct': 52.63, u'shortHandedTimeOnIce': u'2:38'}"
72,2013020871,Columbus Blue Jackets,away,8469469,Center,"{u'timeOnIce': u'16:27', u'plusMinus': -1, u'hits': 0, u'penaltyMinutes': 0, u'faceoffTaken': 1, u'takeaways': 0, u'shortHandedGoals': 0, u'giveaways': 0, u'blocked': 0, u'powerPlayAssists': 0, u'evenTimeOnIce': u'13:13', u'assists': 0, u'powerPlayGoals': 0, u'goals': 0, u'shots': 0, u'shortHandedAssists': 0, u'faceOffWins': 0, u'powerPlayTimeOnIce': u'0:35', u'faceOffPct': 0.0, u'shortHandedTimeOnIce': u'2:39'}"
73,2013020871,Columbus Blue Jackets,away,8475793,Center,"{u'timeOnIce': u'17:44', u'plusMinus': 2, u'hits': 0, u'penaltyMinutes': 0, u'faceoffTaken': 21, u'takeaways': 0, u'shortHandedGoals': 0, u'giveaways': 2, u'blocked': 0, u'powerPlayAssists': 0, u'evenTimeOnIce': u'14:21', u'assists': 1, u'powerPlayGoals': 0, u'goals': 1, u'shots': 1, u'shortHandedAssists': 0, u'faceOffWins': 8, u'powerPlayTimeOnIce': u'3:03', u'faceOffPct': 38.1, u'shortHandedTimeOnIce': u'0:20'}"
74,2013020871,Columbus Blue Jackets,away,8470222,Defenseman,"{u'timeOnIce': u'24:01', u'plusMinus': 0, u'hits': 1, u'penaltyMinutes': 2, u'faceoffTaken': 0, u'takeaways': 0, u'shortHandedGoals': 0, u'giveaways': 0, u'blocked': 1, u'powerPlayAssists': 0, u'evenTimeOnIce': u'15:21', u'assists': 0, u'goals': 0, u'shots': 0, u'shortHandedAssists': 0, u'faceOffWins': 0, u'powerPlayTimeOnIce': u'5:34', u'powerPlayGoals': 0, u'shortHandedTimeOnIce': u'3:06'}"
75,2013020871,Columbus Blue Jackets,away,8468001,Center,"{u'timeOnIce': u'09:30', u'plusMinus': 0, u'hits': 4, u'penaltyMinutes': 0, u'faceoffTaken': 0, u'takeaways': 0, u'shortHandedGoals': 0, u'giveaways': 0, u'blocked': 0, u'powerPlayAssists': 0, u'evenTimeOnIce': u'6:49', u'assists': 0, u'goals': 0, u'shots': 1, u'shortHandedAssists': 0, u'faceOffWins': 0, u'powerPlayTimeOnIce': u'0:00', u'powerPlayGoals': 0, u'shortHandedTimeOnIce': u'2:41'}"
76,2013020871,Columbus Blue Jackets,away,8474130,Right Wing,"{u'timeOnIce': u'06:54', u'plusMinus': 0, u'hits': 4, u'penaltyMinutes': 0, u'faceoffTaken': 0, u'takeaways': 0, u'shortHandedGoals': 0, u'giveaways': 0, u'blocked': 2, u'powerPlayAssists': 0, u'evenTimeOnIce': u'6:54', u'assists': 0, u'goals': 0, u'shots': 0, u'shortHandedAssists': 0, u'faceOffWins': 0, u'powerPlayTimeOnIce': u'0:00', u'powerPlayGoals': 0, u'shortHandedTimeOnIce': u'0:00'}"
77,2013020871,Columbus Blue Jackets,away,8476850,Defenseman,"{u'timeOnIce': u'19:36', u'plusMinus': 0, u'hits': 0, u'penaltyMinutes': 0, u'faceoffTaken': 0, u'takeaways': 0, u'shortHandedGoals': 0, u'giveaways': 0, u'blocked': 3, u'powerPlayAssists': 0, u'evenTimeOnIce': u'15:34', u'assists': 0, u'goals': 0, u'shots': 0, u'shortHandedAssists': 0, u'faceOffWins': 0, u'powerPlayTimeOnIce': u'0:51', u'powerPlayGoals': 0, u'shortHandedTimeOnIce': u'3:11'}"
78,2013020871,Columbus Blue Jackets,away,8476432,Center,"{u'timeOnIce': u'12:22', u'plusMinus': 2, u'hits': 3, u'penaltyMinutes': 0, u'faceoffTaken': 0, u'takeaways': 0, u'shortHandedGoals': 0, u'giveaways': 0, u'blocked': 0, u'powerPlayAssists': 0, u'evenTimeOnIce': u'12:16', u'assists': 0, u'goals': 1, u'shots': 1, u'shortHandedAssists': 0, u'faceOffWins': 0, u'powerPlayTimeOnIce': u'0:06', u'powerPlayGoals': 0, u'shortHandedTimeOnIce': u'0:00'}"
79,2013020871,Columbus Blue Jackets,away,8473573,Center,"{u'timeOnIce': u'16:21', u'plusMinus': 0, u'hits': 0, u'penaltyMinutes': 0, u'faceoffTaken': 10, u'takeaways': 0, u'shortHandedGoals': 0, u'giveaways': 0, u'blocked': 0, u'powerPlayAssists': 0, u'evenTimeOnIce': u'10:50', u'assists': 0, u'powerPlayGoals': 0, u'goals': 0, u'shots': 2, u'shortHandedAssists': 0, u'faceOffWins': 1, u'powerPlayTimeOnIce': u'2:41', u'faceOffPct': 10.0, u'shortHandedTimeOnIce': u'2:50'}"
80,2013020871,Columbus Blue Jackets,away,8469492,Defenseman,"{u'timeOnIce': u'20:28', u'plusMinus': 1, u'hits': 0, u'penaltyMinutes': 0, u'faceoffTaken': 0, u'takeaways': 0, u'shortHandedGoals': 0, u'giveaways': 0, u'blocked': 2, u'powerPlayAssists': 0, u'evenTimeOnIce': u'13:24', u'assists': 0, u'goals': 0, u'shots': 1, u'shortHandedAssists': 0, u'faceOffWins': 0, u'powerPlayTimeOnIce': u'1:27', u'powerPlayGoals': 0, u'shortHandedTimeOnIce': u'5:37'}"
81,2013020871,Columbus Blue Jackets,away,8473914,Center,"{u'timeOnIce': u'10:52', u'plusMinus': -1, u'hits': 2, u'penaltyMinutes': 0, u'faceoffTaken': 16, u'takeaways': 0, u'shortHandedGoals': 0, u'giveaways': 0, u'blocked': 0, u'powerPlayAssists': 0, u'evenTimeOnIce': u'7:48', u'assists': 0, u'powerPlayGoals': 0, u'goals': 0, u'shots': 0, u'shortHandedAssists': 0, u'faceOffWins': 9, u'powerPlayTimeOnIce': u'0:06', u'faceOffPct': 56.25, u'shortHandedTimeOnIce': u'2:58'}"
82,2013020871,Columbus Blue Jackets,away,8475233,Defenseman,"{u'timeOnIce': u'15:45', u'plusMinus': -2, u'hits': 0, u'penaltyMinutes': 2, u'faceoffTaken': 0, u'takeaways': 0, u'shortHandedGoals': 0, u'giveaways': 1, u'blocked': 1, u'powerPlayAssists': 0, u'evenTimeOnIce': u'13:59', u'assists': 0, u'goals': 0, u'shots': 1, u'shortHandedAssists': 0, u'faceOffWins': 0, u'powerPlayTimeOnIce': u'0:00', u'powerPlayGoals': 0, u'shortHandedTimeOnIce': u'1:46'}"
83,2013020871,Columbus Blue Jackets,away,8473422,Left Wing,"{u'timeOnIce': u'16:16', u'plusMinus': -1, u'hits': 1, u'penaltyMinutes': 0, u'faceoffTaken': 1, u'takeaways': 1, u'shortHandedGoals': 0, u'giveaways': 1, u'blocked': 1, u'powerPlayAssists': 0, u'evenTimeOnIce': u'13:57', u'assists': 0, u'powerPlayGoals': 0, u'goals': 0, u'shots': 0, u'shortHandedAssists': 0, u'faceOffWins': 0, u'powerPlayTimeOnIce': u'2:19', u'faceOffPct': 0.0, u'shortHandedTimeOnIce': u'0:00'}"
87,2013021230,Phoenix Coyotes,home,8471735,Defenseman,"{u'timeOnIce': u'26:26', u'plusMinus': 0, u'hits': 0, u'penaltyMinutes': 2, u'faceoffTaken': 0, u'takeaways': 1, u'shortHandedGoals': 0, u'giveaways': 2, u'blocked': 2, u'powerPlayAssists': 0, u'evenTimeOnIce': u'19:11', u'assists': 0, u'goals': 0, u'shots': 6, u'shortHandedAssists': 0, u'faceOffWins': 0, u'powerPlayTimeOnIce': u'7:12', u'powerPlayGoals': 0, u'shortHandedTimeOnIce': u'0:03'}"
88,2013021230,Phoenix Coyotes,home,8469760,Defenseman,"{u'timeOnIce': u'19:29', u'plusMinus': 2, u'hits': 1, u'penaltyMinutes': 0, u'faceoffTaken': 0, u'takeaways': 0, u'shortHandedGoals': 0, u'giveaways': 0, u'blocked': 0, u'powerPlayAssists': 0, u'evenTimeOnIce': u'18:07', u'assists': 1, u'goals': 0, u'shots': 0, u'shortHandedAssists': 0, u'faceOffWins': 0, u'powerPlayTimeOnIce': u'0:12', u'powerPlayGoals': 0, u'shortHandedTimeOnIce': u'1:10'}"
89,2013021230,Phoenix Coyotes,home,8476473,Defenseman,"{u'timeOnIce': u'14:37', u'plusMinus': 0, u'hits': 1, u'penaltyMinutes': 0, u'faceoffTaken': 0, u'takeaways': 0, u'shortHandedGoals': 0, u'giveaways': 0, u'blocked': 0, u'powerPlayAssists': 0, u'evenTimeOnIce': u'14:22', u'assists': 0, u'goals': 0, u'shots': 1, u'shortHandedAssists': 0, u'faceOffWins': 0, u'powerPlayTimeOnIce': u'0:00', u'powerPlayGoals': 0, u'shortHandedTimeOnIce': u'0:15'}"
90,2013021230,Phoenix Coyotes,home,8468064,Right Wing,"{u'timeOnIce': u'13:06', u'plusMinus': 1, u'hits': 2, u'penaltyMinutes': 0, u'faceoffTaken': 0, u'takeaways': 0, u'shortHandedGoals': 0, u'giveaways': 0, u'blocked': 0, u'powerPlayAssists': 0, u'evenTimeOnIce': u'13:06', u'assists': 1, u'goals': 0, u'shots': 0, u'shortHandedAssists': 0, u'faceOffWins': 0, u'powerPlayTimeOnIce': u'0:00', u'powerPlayGoals': 0, u'shortHandedTimeOnIce': u'0:00'}"
91,2013021230,Phoenix Coyotes,home,8470713,Left Wing,"{u'timeOnIce': u'09:26', u'plusMinus': 0, u'hits': 1, u'penaltyMinutes': 0, u'faceoffTaken': 0, u'takeaways': 1, u'shortHandedGoals': 0, u'giveaways': 0, u'blocked': 0, u'powerPlayAssists': 0, u'evenTimeOnIce': u'9:26', u'assists': 0, u'goals': 0, u'shots': 2, u'shortHandedAssists': 0, u'faceOffWins': 0, u'powerPlayTimeOnIce': u'0:00', u'powerPlayGoals': 0, u'shortHandedTimeOnIce': u'0:00'}"
92,2013021230,Phoenix Coyotes,home,8467831,Center,"{u'timeOnIce': u'11:55', u'plusMinus': 1, u'hits': 0, u'penaltyMinutes': 0, u'faceoffTaken': 10, u'takeaways': 0, u'shortHandedGoals': 0, u'giveaways': 0, u'blocked': 0, u'powerPlayAssists': 0, u'evenTimeOnIce': u'10:55', u'assists': 1, u'powerPlayGoals': 0, u'goals': 0, u'shots': 0, u'shortHandedAssists': 0, u'faceOffWins': 6, u'powerPlayTimeOnIce': u'0:00', u'faceOffPct': 60.0, u'shortHandedTimeOnIce': u'1:00'}"
93,2013021230,Phoenix Coyotes,home,8468085,Right Wing,"{u'timeOnIce': u'16:06', u'plusMinus': 0, u'hits': 0, u'penaltyMinutes': 0, u'faceoffTaken': 0, u'takeaways': 0, u'shortHandedGoals': 0, u'giveaways': 0, u'blocked': 0, u'powerPlayAssists': 0, u'evenTimeOnIce': u'12:26', u'assists': 0, u'goals': 0, u'shots': 5, u'shortHandedAssists': 0, u'faceOffWins': 0, u'powerPlayTimeOnIce': u'3:40', u'powerPlayGoals': 0, u'shortHandedTimeOnIce': u'0:00'}"
94,2013021230,Phoenix Coyotes,home,8469664,Right Wing,"{u'timeOnIce': u'11:55', u'plusMinus': 1, u'hits': 3, u'penaltyMinutes': 0, u'faceoffTaken': 0, u'takeaways': 0, u'shortHandedGoals': 0, u'giveaways': 0, u'blocked': 1, u'powerPlayAssists': 0, u'evenTimeOnIce': u'11:06', u'assists': 0, u'goals': 1, u'shots': 1, u'shortHandedAssists': 0, u'faceOffWins': 0, u'powerPlayTimeOnIce': u'0:00', u'powerPlayGoals': 0, u'shortHandedTimeOnIce': u'0:49'}"
95,2013021230,Phoenix Coyotes,home,8462038,Right Wing,"{u'timeOnIce': u'20:14', u'plusMinus': 1, u'hits': 0, u'penaltyMinutes': 0, u'faceoffTaken': 1, u'takeaways': 1, u'shortHandedGoals': 0, u'giveaways': 2, u'blocked': 0, u'powerPlayAssists': 0, u'evenTimeOnIce': u'15:37', u'assists': 0, u'powerPlayGoals': 0, u'goals': 1, u'shots': 2, u'shortHandedAssists': 0, u'faceOffWins': 1, u'powerPlayTimeOnIce': u'4:37', u'faceOffPct': 100.0, u'shortHandedTimeOnIce': u'0:00'}"
96,2013021230,Phoenix Coyotes,home,8475171,Defenseman,"{u'timeOnIce': u'22:42', u'plusMinus': 0, u'hits': 1, u'penaltyMinutes': 2, u'faceoffTaken': 0, u'takeaways': 0, u'shortHandedGoals': 0, u'giveaways': 0, u'blocked': 0, u'powerPlayAssists': 0, u'evenTimeOnIce': u'15:37', u'assists': 0, u'goals': 0, u'shots': 1, u'shortHandedAssists': 0, u'faceOffWins': 0, u'powerPlayTimeOnIce': u'7:05', u'powerPlayGoals': 0, u'shortHandedTimeOnIce': u'0:00'}"
97,2013021230,Phoenix Coyotes,home,8471231,Center,"{u'timeOnIce': u'12:23', u'plusMinus': 0, u'hits': 4, u'penaltyMinutes': 0, u'faceoffTaken': 12, u'takeaways': 0, u'shortHandedGoals': 0, u'giveaways': 0, u'blocked': 0, u'powerPlayAssists': 0, u'evenTimeOnIce': u'12:20', u'assists': 0, u'powerPlayGoals': 0, u'goals': 0, u'shots': 0, u'shortHandedAssists': 0, u'faceOffWins': 5, u'powerPlayTimeOnIce': u'0:00', u'faceOffPct': 41.67, u'shortHandedTimeOnIce': u'0:03'}"
98,2013021230,Phoenix Coyotes,home,8471232,Left Wing,"{u'timeOnIce': u'13:20', u'plusMinus': 0, u'hits': 0, u'penaltyMinutes': 0, u'faceoffTaken': 1, u'takeaways': 1, u'shortHandedGoals': 0, u'giveaways': 0, u'blocked': 0, u'powerPlayAssists': 0, u'evenTimeOnIce': u'9:07', u'assists': 0, u'powerPlayGoals': 0, u'goals': 0, u'shots': 1, u'shortHandedAssists': 0, u'faceOffWins': 1, u'powerPlayTimeOnIce': u'3:51', u'faceOffPct': 100.0, u'shortHandedTimeOnIce': u'0:22'}"
99,2013021230,Phoenix Coyotes,home,8475759,Defenseman,"{u'timeOnIce': u'19:04', u'plusMinus': 2, u'hits': 1, u'penaltyMinutes': 0, u'faceoffTaken': 0, u'takeaways': 0, u'shortHandedGoals': 0, u'giveaways': 0, u'blocked': 2, u'powerPlayAssists': 0, u'evenTimeOnIce': u'16:45', u'assists': 0, u'goals': 0, u'shots': 3, u'shortHandedAssists': 0, u'faceOffWins': 0, u'powerPlayTimeOnIce': u'1:12', u'powerPlayGoals': 0, u'shortHandedTimeOnIce': u'1:07'}"
100,2013021230,Phoenix Coyotes,home,8473970,Left Wing,"{u'timeOnIce': u'10:39', u'plusMinus': 0, u'hits': 3, u'penaltyMinutes': 0, u'faceoffTaken': 0, u'takeaways': 0, u'shortHandedGoals': 0, u'giveaways': 0, u'blocked': 0, u'powerPlayAssists': 0, u'evenTimeOnIce': u'10:39', u'assists': 0, u'goals': 0, u'shots': 2, u'shortHandedAssists': 0, u'faceOffWins': 0, u'powerPlayTimeOnIce': u'0:00', u'powerPlayGoals': 0, u'shortHandedTimeOnIce': u'0:00'}"
101,2013021230,Phoenix Coyotes,home,8468535,Center,"{u'timeOnIce': u'20:25', u'plusMinus': 1, u'hits': 0, u'penaltyMinutes': 2, u'faceoffTaken': 17, u'takeaways': 0, u'shortHandedGoals': 0, u'giveaways': 0, u'blocked': 2, u'powerPlayAssists': 0, u'evenTimeOnIce': u'15:11', u'assists': 0, u'powerPlayGoals': 0, u'goals': 0, u'shots': 2, u'shortHandedAssists': 0, u'faceOffWins': 12, u'powerPlayTimeOnIce': u'4:52', u'faceOffPct': 70.59, u'shortHandedTimeOnIce': u'0:22'}"
102,2013021230,Phoenix Coyotes,home,8464966,Defenseman,"{u'timeOnIce': u'17:42', u'plusMinus': 0, u'hits': 0, u'penaltyMinutes': 0, u'faceoffTaken': 0, u'takeaways': 2, u'shortHandedGoals': 0, u'giveaways': 0, u'blocked': 1, u'powerPlayAssists': 0, u'evenTimeOnIce': u'16:34', u'assists': 0, u'goals': 0, u'shots': 2, u'shortHandedAssists': 0, u'faceOffWins': 0, u'powerPlayTimeOnIce': u'0:53', u'powerPlayGoals': 0, u'shortHandedTimeOnIce': u'0:15'}"
103,2013021230,Phoenix Coyotes,home,8467371,Center,"{u'timeOnIce': u'16:00', u'plusMinus': 0, u'hits': 0, u'penaltyMinutes': 0, u'faceoffTaken': 13, u'takeaways': 0, u'shortHandedGoals': 0, u'giveaways': 0, u'blocked': 0, u'powerPlayAssists': 0, u'evenTimeOnIce': u'12:35', u'assists': 0, u'powerPlayGoals': 0, u'goals': 0, u'shots': 1, u'shortHandedAssists': 0, u'faceOffWins': 7, u'powerPlayTimeOnIce': u'3:25', u'faceOffPct': 53.85, u'shortHandedTimeOnIce': u'0:00'}"
104,2013021230,Phoenix Coyotes,home,8474571,Left Wing,"{u'timeOnIce': u'20:48', u'plusMinus': 1, u'hits': 2, u'penaltyMinutes': 0, u'faceoffTaken': 0, u'takeaways': 0, u'shortHandedGoals': 0, u'giveaways': 0, u'blocked': 0, u'powerPlayAssists': 0, u'evenTimeOnIce': u'16:08', u'assists': 1, u'goals': 0, u'shots': 2, u'shortHandedAssists': 0, u'faceOffWins': 0, u'powerPlayTimeOnIce': u'4:26', u'powerPlayGoals': 0, u'shortHandedTimeOnIce': u'0:14'}"
112,2013021230,Dallas Stars,away,8467423,Center,"{u'timeOnIce': u'15:38', u'plusMinus': -1, u'hits': 1, u'penaltyMinutes': 0, u'faceoffTaken': 3, u'takeaways': 0, u'shortHandedGoals': 0, u'giveaways': 0, u'blocked': 0, u'powerPlayAssists': 0, u'evenTimeOnIce': u'13:17', u'assists': 0, u'powerPlayGoals': 0, u'goals': 0, u'shots': 0, u'shortHandedAssists': 0, u'faceOffWins': 0, u'powerPlayTimeOnIce': u'0:04', u'faceOffPct': 0.0, u'shortHandedTimeOnIce': u'2:17'}"
113,2013021230,Dallas Stars,away,8474138,Left Wing,"{u'timeOnIce': u'13:16', u'plusMinus': -1, u'hits': 0, u'penaltyMinutes': 0, u'faceoffTaken': 3, u'takeaways': 0, u'shortHandedGoals': 0, u'giveaways': 0, u'blocked': 0, u'powerPlayAssists': 0, u'evenTimeOnIce': u'13:13', u'assists': 0, u'powerPlayGoals': 0, u'goals': 0, u'shots': 0, u'shortHandedAssists': 0, u'faceOffWins': 2, u'powerPlayTimeOnIce': u'0:03', u'faceOffPct': 66.67, u'shortHandedTimeOnIce': u'0:00'}"
114,2013021230,Dallas Stars,away,8475163,Right Wing,"{u'timeOnIce': u'15:56', u'plusMinus': -1, u'hits': 1, u'penaltyMinutes': 2, u'faceoffTaken': 4, u'takeaways': 0, u'shortHandedGoals': 0, u'giveaways': 0, u'blocked': 0, u'powerPlayAssists': 0, u'evenTimeOnIce': u'14:47', u'assists': 0, u'powerPlayGoals': 0, u'goals': 0, u'shots': 1, u'shortHandedAssists': 0, u'faceOffWins': 2, u'powerPlayTimeOnIce': u'0:53', u'faceOffPct': 50.0, u'shortHandedTimeOnIce': u'0:16'}"
115,2013021230,Dallas Stars,away,8476116,Center,"{u'timeOnIce': u'12:33', u'plusMinus': 0, u'hits': 1, u'penaltyMinutes': 0, u'faceoffTaken': 0, u'takeaways': 0, u'shortHandedGoals': 0, u'giveaways': 0, u'blocked': 1, u'powerPlayAssists': 0, u'evenTimeOnIce': u'9:08', u'assists': 0, u'goals': 0, u'shots': 1, u'shortHandedAssists': 0, u'faceOffWins': 0, u'powerPlayTimeOnIce': u'0:00', u'powerPlayGoals': 0, u'shortHandedTimeOnIce': u'3:25'}"
116,2013021230,Dallas Stars,away,8474535,Center,"{u'timeOnIce': u'13:05', u'plusMinus': -1, u'hits': 0, u'penaltyMinutes': 0, u'faceoffTaken': 11, u'takeaways': 0, u'shortHandedGoals': 0, u'giveaways': 0, u'blocked': 0, u'powerPlayAssists': 0, u'evenTimeOnIce': u'12:58', u'assists': 0, u'powerPlayGoals': 0, u'goals': 0, u'shots': 1, u'shortHandedAssists': 0, u'faceOffWins': 5, u'powerPlayTimeOnIce': u'0:07', u'faceOffPct': 45.45, u'shortHandedTimeOnIce': u'0:00'}"
117,2013021230,Dallas Stars,away,8475236,Center,"{u'timeOnIce': u'14:36', u'plusMinus': 0, u'hits': 0, u'penaltyMinutes': 0, u'faceoffTaken': 14, u'takeaways': 2, u'shortHandedGoals': 0, u'giveaways': 0, u'blocked': 0, u'powerPlayAssists': 0, u'evenTimeOnIce': u'10:56', u'assists': 0, u'powerPlayGoals': 0, u'goals': 0, u'shots': 0, u'shortHandedAssists': 0, u'faceOffWins': 6, u'powerPlayTimeOnIce': u'0:25', u'faceOffPct': 42.86, u'shortHandedTimeOnIce': u'3:15'}"
118,2013021230,Dallas Stars,away,8474849,Left Wing,"{u'timeOnIce': u'12:27', u'plusMinus': 0, u'hits': 1, u'penaltyMinutes': 12, u'faceoffTaken': 0, u'takeaways': 0, u'shortHandedGoals': 0, u'giveaways': 0, u'blocked': 0, u'powerPlayAssists': 0, u'evenTimeOnIce': u'9:55', u'assists': 0, u'goals': 0, u'shots': 2, u'shortHandedAssists': 0, u'faceOffWins': 0, u'powerPlayTimeOnIce': u'0:00', u'powerPlayGoals': 0, u'shortHandedTimeOnIce': u'2:32'}"
119,2013021230,Dallas Stars,away,8474098,Center,"{u'timeOnIce': u'16:22', u'plusMinus': 0, u'hits': 0, u'penaltyMinutes': 0, u'faceoffTaken': 0, u'takeaways': 1, u'shortHandedGoals': 0, u'giveaways': 0, u'blocked': 0, u'powerPlayAssists': 0, u'evenTimeOnIce': u'13:50', u'assists': 0, u'goals': 1, u'shots': 3, u'shortHandedAssists': 0, u'faceOffWins': 0, u'powerPlayTimeOnIce': u'0:28', u'powerPlayGoals': 1, u'shortHandedTimeOnIce': u'2:04'}"
120,2013021230,Dallas Stars,away,8475246,Defenseman,"{u'timeOnIce': u'25:22', u'plusMinus': -1, u'hits': 1, u'penaltyMinutes': 0, u'faceoffTaken': 0, u'takeaways': 0, u'shortHandedGoals': 0, u'giveaways': 0, u'blocked': 0, u'powerPlayAssists': 0, u'evenTimeOnIce': u'22:35', u'assists': 0, u'goals': 0, u'shots': 1, u'shortHandedAssists': 0, u'faceOffWins': 0, u'powerPlayTimeOnIce': u'1:03', u'powerPlayGoals': 0, u'shortHandedTimeOnIce': u'1:44'}"
121,2013021230,Dallas Stars,away,8474818,Defenseman,"{u'timeOnIce': u'17:08', u'plusMinus': 0, u'hits': 0, u'penaltyMinutes': 0, u'faceoffTaken': 0, u'takeaways': 0, u'shortHandedGoals': 0, u'giveaways': 0, u'blocked': 0, u'powerPlayAssists': 0, u'evenTimeOnIce': u'12:44', u'assists': 0, u'goals': 0, u'shots': 1, u'shortHandedAssists': 0, u'faceOffWins': 0, u'powerPlayTimeOnIce': u'0:25', u'powerPlayGoals': 0, u'shortHandedTimeOnIce': u'3:59'}"
